评分,评论时间,评论内容
5,2024-04-02 10:25:38,宝贝做工真的非常精细，细节真的棒，爱了爱了刚好做活动，价格便宜了很多，性价比超高，真的特别划算刚好做活动，价格便宜了很多，性价比超高，真的特别划算宝贝做工真的非常精细，细节真的棒，爱了爱了
5,2024-04-05 10:42:07,柔软，舒服，质量不错，再买一件 卖家的服务真是周到细致！他们不仅耐心解答我的问题，还给予了很多实用的建议。物流速度也很快，让我及时收到了商品。
5,2024-03-16 18:02:24,衣服很好，摸着就很舒服，布料很不错，款式也好看，非常值得购买 这个商品的质量非常可靠！经过使用测试，它表现出色，没有出现任何问题。卖家的服务态度也很好，给予了及时的售后支持。
5,2024-04-07 22:24:26,极溪T恤男短袖夏季趣味ins摸鱼小熊大码宽港风松百搭上衣是纯棉面料，做工精细，样式简约大方，大小合适，穿着透气舒适，物美价廉！物流很快！
5,2024-04-03 10:33:43,尺码大小：大小刚刚好，非常合身面料类型：柔软顺滑透气性：真不错
5,2024-04-02 18:35:46,穿着很舒服，感觉还不错。
5,2024-03-26 11:51:36,面料非常满意，快递小哥服务很到位，
5,2024-04-07 12:37:19,衣服质量很好穿着很舒服的感觉，而且价格也合适
5,2024-04-03 09:30:44,衣服不错，性价比挺高，送货速度也还行！
5,2023-11-12 23:18:42,还没穿，把它洗了，看着还不错。
5,2024-04-07 21:34:07,客服服务态度很好，衣服很好看，又舒服，喜欢的赶紧拍，给家里人买了几件
5,2024-04-04 11:22:02,东西便宜，而且质量又好，物美价廉，买的放心，用的开心，感觉都上瘾了，买买买根本就停不下来
5,2024-01-07 18:18:10,在这里选购安全方便快捷💜，快递小哥态度非常好，这个价格非常给力💪，十分推荐，会继续回购
5,2024-04-05 14:57:44,(*^__^*)非常满意的一次购物，物有所值，比实体店里实惠多了！
5,2024-03-22 16:42:48,客服回复非常快，有耐心及时解决问题非常好点个大大的赞
5,2024-03-19 20:33:15,衣服很好 物流很快 穿着很舒服
3,2023-07-23 22:33:31,衣服大小还行，但是质量差远了
5,2023-11-08 23:14:02,颜色很好看，穿的也很舒服
5,2024-04-07 18:30:09,非常好，穿上非常舒服
5,2023-10-20 13:01:09,上班穿起来感觉很舒服
5,2023-10-09 08:10:08,衣服不错，很合身好。
5,2023-09-06 20:34:29,百分百纯棉，摸上去就知道，图案清晰，尺寸大小也合适。衣服价格到位，是一件非常不错的衣服，吸汗也可以，适合汗多的人
5,2023-05-06 20:50:23,手感不错，质量很好！基本没有问题！可以入手，外观设计漂亮，尺寸大小合适，包装完整，物流快。
5,2023-02-14 17:35:22,面料类型：布料面料质感：很舒服穿上很好透气性：透气，很凉爽
5,2023-07-09 14:11:20,包装好，物流快，裙子款式简洁时尚，面料舒适，穿着完美修身。 做工精致，质量一流，版型很正，很显腰身。
5,2023-06-11 17:53:20,衣服很好，摸着就很舒服，布料很不错，款式也好看，非常值得购买
5,2023-07-19 09:40:28,衣服已经收到，质量非常好，码数标准，颜色正，大小正合适。穿上去显的高端大气上档次。没想到竟然买到这么好。同事见了都说好。祝店家生意兴隆。
5,2023-08-24 23:02:47,摸鱼摸鱼，这两个字非常合适的呢，尺码合适，面料舒适，质感也非常好。非常合适买给侄子穿。
5,2022-08-26 21:48:50,嗯，面料舒适，方便清洗，款式也很棒，透气良好，美观大方，还是挺好的，很不错。
5,2023-03-21 20:13:19,东西已经收到！手感不错！用料扎实！质量很好！平常用基本没有问题！当时买的时候还在犹豫价格，买来之后一点都不后悔，而且物流还快，可以入手外观设计漂亮，尺寸大小合适，包装仔细完整，宝贝手感不错，感觉很好，发货速度快，服务态度一流，给力！5星好评！
5,2022-08-03 12:09:43,挺喜欢这个款式的，价格也不贵，款式百搭，穿着很舒服
5,2023-04-13 20:53:23,百褶裙显瘦。立领尽显气质。面料柔软。穿着很舒服。做工很精致，价格还不贵，买到就是赚
5,2023-04-15 13:57:55,衣服很不错，商品用料很扎实，买的刚刚好，衣服样式也很好看
5,2023-03-14 11:06:13,商品很不错，纯棉的，穿上也很合适，显瘦，本人两百斤，穿上大肚腩都不怎么显
5,2023-03-21 23:03:16,纯棉布料，尺码合适，透气性强，很有设计感，适合搬砖人的日常，合身得很
5,2023-07-04 22:58:07,收到货了，大小合适，质量也很好，和图片上一样，纯棉材质，穿起来也舒服，价格实惠，物有所值，好评。
5,2022-07-01 21:42:24,我1.72。95买的L码 为想要宽松效果的 衣服穿上绝绝子好好看，质量非常不错
5,2023-05-06 17:48:55,衣服质量非常好，尺码合适，而且快递很快，款式很好看很新颖
5,2023-04-07 19:31:39,布料很喜欢，就是我想要的那种T恤布料，样式也很喜欢，很潮
3,2023-09-26 14:10:05,这个价格和质量还算可以，性价比一般，因为价格不便宜
5,2023-07-25 18:21:47,一次买了好几件，品质优良，推荐购买！孩子特别喜欢，穿起来也舒服，面料轻薄透气，适合夏天穿，款式中规中矩，喜欢的亲可以直接下单了
5,2023-06-23 15:02:39,这件衣服是一眼就喜欢的，摸鱼，感觉很有意思，而且这个材质也很舒服，是那种纯棉布料的，一下子买了两件
5,2023-05-06 20:04:03,货已收到，布料不错，摸着很舒适，做工精细，物流也很快，本人很满意。祝店主生意兴隆！！
5,2023-05-06 08:30:11,产品质量，客服服务态度特别好，很喜欢，好评发货速度很快，东西包装的很好，价格优惠，我很满意👍，还会回购
5,2023-08-17 10:43:34,💚赶上做活动的时候买的，这个价格一分钱一分货❤️，从外观看很美💙，材质做工都不错💜，感觉买值了，还有物流超级快，点赞！
5,2023-09-03 12:15:30,休闲时尚，面料柔软舒适，穿着也舒服，料子也比较好，穿着舒适，尺码也合适，衣服穿起来很帅气，非常之nice！推荐的很合适。
5,2023-03-23 14:55:17,无论材质还是做工都超出了预期，超值，穿起来也很好看哦。卖家发货也比预计提早了很多，还会再来。买吧，不会后悔的哦！全五分。
5,2023-05-04 20:45:19,东西已经收到！手感不错！用料扎实！质量很好！平常用基本没有问题！当时买的时候还在犹豫价格，买来之后一点都不后悔，而且物流还快，可以入手外观设计漂亮，尺寸大小合适，包装仔细完整，宝贝手感不错，感觉很好，发货速度快
5,2023-05-01 16:57:07,衣服很合身，也挺好看的，物流也很给力
5,2023-03-17 14:18:45,非常的不错，衣服面料特别好，尺寸也不大也不小挺可以的，值得购买
5,2023-04-07 19:37:40,很有意思的图案，T恤也很宽松穿着很舒服，一口气买两件
5,2023-04-29 11:11:38,家人们谁懂啊，这也太漂亮了，我好爱啊
5,2023-04-08 16:22:36,非常合身，质量出乎意料地好，时尚的小衣服，质量很不错，推荐这款
5,2022-07-03 20:26:32,这件衣服很好，图案很可爱，纯棉的，穿着身上很舒服，不掉的，洗过一次了，还是一样。纯棉的就是喜欢。
5,2023-05-02 15:10:29,衣服收到了非常好，穿起来非常舒服，质量很好
5,2023-03-19 13:42:55,款式不错，图案很可爱，布料摸着也很舒服
5,2023-02-14 01:10:58,面料类型：面料不错，透气凉快，穿着也很好看
5,2023-07-29 09:32:21,好看，质量也还不错，夏天的衣服嘛，一年一换，这个价格也很适合了
5,2023-09-19 22:11:35,💌心仪已久，果断下手，用过之后感觉很不错，是正品，快递也很给力，果然名副其实👍宝贝收到了，和描述一样，很喜欢宝贝收到，一如既往的好，包装很到位，质量还不错，很喜欢，大品牌值得信赖是正品，和实体店一样，价格还优惠，果断转粉价格很实惠，性价比很高，算是平价好物，会回购的
3,2023-04-28 18:36:23,面料质感：纯棉 穿起来很舒服试穿效果：穿起来感觉很不错 也很好看
5,2023-03-31 22:46:50,面料很舒服，样子也很好看，商家服务态度也很好，值得推荐
5,2023-03-12 17:32:36,衣服挺好看，快递也很快，我比较满意，还可以
5,2023-09-04 16:49:07,非常好看，物流也很快，穿起来特别有型
5,2023-08-12 12:56:04,大小合适，颜色也很好看，推荐购买，很好很好很好很好
5,2023-04-04 17:33:49,手感摸起来特别好，图案也很好看。点赞
5,2022-07-01 22:32:08,一到手就洗了一下，不掉色，不染色，纯的穿着很舒服，放心，透气清凉，赞一下，强烈给大家推荐。
5,2023-06-23 11:12:09,先说商品质量：产品总体不错，包装严实。再说商家服务：点赞啦。最后点评快递：发货很快。其他就希望店家多多优惠，及时通知老客户，祝生意兴隆。
5,2023-03-08 19:01:55,穿着舒服 面料不刺激 做工也很好 很值
5,2023-07-15 17:00:31,商品收到咯，特别喜欢，一收到就迫不及待地打开了，家人也很满意，这次购物体验不错品质一级棒，包装也不错，物流很快，而且价格合理，很实惠，很喜欢
5,2023-05-14 10:47:44,这个质量很好透气性：特别好面料质感：很温和
5,2023-09-08 07:10:54,物流快质量好，尺码不合适很快就能换货，很好的一次购物体验。
5,2023-03-10 12:58:49,很好哦，图案好看，大小合适。
5,2023-03-12 17:07:48,透气性：良好试穿效果：很舒服面料质感：舒适物流很快
5,2022-07-01 22:49:34,休闲百搭的纯棉短袖T恤，搭配什么都很好搭，图案也好看，非常可爱，给大家推荐。
5,2023-05-04 09:34:10,刚收到就穿上了 感觉非常合适，非常帅气，衣服质量也很好，图案也很好。我非常喜欢
5,2023-03-29 19:16:18,收到货，第一时间拆包装，感觉质量还是比较好的，与卖家描述的还是一致的，非常满意，发货速度比较快
5,2024-03-20 20:44:59,作为一名消费者，我非常高兴能分享我的使用体验。最近我购买了一款充电超快的电动牙刷，它给我留下了深刻的印象。首先，我想强调的是这款电动牙刷的充电速度真的非常快。相比其他电动牙刷，它只需要很短的时间就能充满电，这对于我这样经常在外出时需要刷牙的人来说
5,2022-12-10 18:54:29,我的身高体重：很合适尺码大小：非常合适面料类型：非常好
5,2023-05-13 17:40:30,上身效果很不错，适合在工位看电视剧的时候穿，嘲讽直接拉满！
5,2023-03-19 23:49:27,商品很不错，铭棉的，穿上世银合违，接分素人两百斤，穿上大肚腩都不怎么显
5,2023-03-06 11:01:16,物超所值，穿着体验感很好，设计版很好看，果然没有失望，做工整齐，值得购买！
5,2023-07-20 17:42:49,衣服很好，穿着特舒服。尺寸刚刚好。特流特别快。服务态度好！
5,2023-08-28 21:12:31,价格很实惠，孩子很喜欢，衣服材质挺好是棉的。
5,2023-07-09 23:19:41,穿身上很舒服，出汗散热也很快，衣服用洗衣机洗了也没有掉色，总体来说性价比很高值得推荐
5,2023-02-23 21:23:14,布料软绵绵的，摸起来很舒服，超级哇塞塞
5,2023-03-07 19:04:22,快递很快，穿着很合适，搭衣服也很好
5,2023-05-01 09:41:28,好看，穿起来舒服，物美价廉，值得购买
5,2023-08-09 09:56:15,正品，棒棒哒，价格很优惠，总而言之挺好的
5,2023-06-10 17:01:36,穿着很舒服，很好看，大家都跟我一起冲
5,2023-06-01 16:10:50,无论材质还是做工都超出了预期，超值，穿起来也很好看哦。卖家发货也比预计提早了很多，还会再来。买吧，不会后悔的哦！全五分。
5,2023-02-25 21:05:04,挺满意，好吧不是我穿，对象特别跟我说很满意
5,2023-03-15 17:35:47,衣服比较好看穿着也舒服非常的不错值得购买
5,2023-05-06 12:58:58,颜色图案和图片的一致，面料材质也很柔和，很不错的一次购物体验
5,2023-05-04 09:46:10,衣服质量很好 穿起来也非常帅气 我很喜欢
5,2023-04-29 11:15:24,真的不错特意穿了2星期多才评论的。面料很好穿起来很舒服。也很好看
5,2023-03-14 12:16:59,可以买，质量很好！！面料柔软！！
5,2023-04-23 11:58:59,老板性格好，宝贝也好，戴上去也很舒服，超赞、还不错。质量挺好的。速度也快。
5,2023-07-23 09:35:35,买过一次，那件是摸鱼的，洗过4.5次不会掉图案，现在回头在买一件，五星好评
5,2023-03-09 17:28:17,非常好，非常非常好，穿着合适
5,2023-06-18 09:29:10,面料摸着很舒服，穿着也合身，样子穿着也挺时尚
5,2023-05-31 18:49:21,衣服收到了，面料很舒服，穿上很合身，款式也好看
5,2023-05-08 20:57:54,非常好看的衣服，穿起来也很舒服，大小也很合适
5,2023-03-20 09:29:21,😃超级好用！还很美观！墙裂推荐！有需要再回购！收到啦，很不错，非常喜欢，值得购买，(*^__^*) 嘻嘻&hellip;&hellip;
5,2023-07-23 21:27:24,不太爱评价，但这个是真的棒！质量很好，做工细致，包裹很严实，快递服务态度好，绝对好评！质量挺好，物流也很快，赞！
5,2023-07-04 11:39:29,商品到货很满意质量杠杆的，颜色也很好看跟卖家描述的一样，物流速度也挺快两天就到了
5,2023-03-06 15:33:23,不好意思货早收到没有极时平价，样子也和图片一样赞，实惠。下次还可以叫朋友买。。非常行，物流很快
5,2023-03-17 12:10:35,实惠，还行吧实惠，已收藏贵店并向朋友推荐。大小合适很喜欢下次还会光顾，性价比高
5,2022-06-18 18:16:16,很喜欢，纯棉的，穿着很舒服，衣服质量不错，爱了爱了，还会继续回购，收藏小店。
5,2023-04-17 13:14:16,纯棉的，质量很好，穿着很舒适，颜色也特别正。
5,2023-03-24 16:14:23,布料很好，穿着很舒服，上品
5,2023-09-22 17:27:56,"大品牌，用起来很放心，质量非常好，赶上活动购买非常的划算,客服真的很不错哦～"
5,2023-03-12 16:57:09,非常好，材料质地都非常好，很满意
5,2023-07-03 10:48:21,当时买的时候还在犹豫价格，买来之后一点都不后悔，而且物流还快，可以入手衣服收到了，质量很好，做工精细真的好喜欢，客服态度也挺好的，值！以后有需要还会来买
5,2023-08-27 10:09:08,包装好，物流快，裙子款式简洁时尚，面料舒适，穿着完美修身。 做工精致，质量一流，版型很正，很显腰身。
5,2022-06-18 20:07:31,质量很好，图案好看，非常喜欢，跟女朋友一个入手一件，非常好看。
5,2023-10-06 20:46:42,比平时要便宜，囤了不少，特别特别满意👍，超级好看😍，客服很有礼貌，很客气，良心商家，支持！
5,2023-07-29 20:04:17,很好看，很干净，很舒适，大小正好合适
5,2023-08-09 19:54:27,趁着优惠，赶紧入手，是正品，包装也非常的好，没有破损，质量也是没得说，棒👍
5,2023-02-28 12:52:27,穿起来质感很好，质量也好
5,2023-03-07 18:57:45,可以买来送人很高大上质量很好很行，总体号是行的很有耐心东东也好呢，以后继续光顾我很喜欢，值得购买
5,2023-05-09 10:05:02,百褶裙显瘦。立领尽显气质。面料柔软。穿着很舒服。做工很精致，价格还不贵，买到就是赚
5,2023-02-14 19:56:30,基本和想象的一样。老客户了啊，而且客服态度也特别可以很可以很喜欢，没想到能买到这么好的货
5,2023-03-17 16:21:00,衣服非常好料子也不错。买的很值得。很喜欢
5,2023-04-14 19:44:51,感觉还可以，质量不错很好看
5,2023-09-23 20:33:11,衣服很不错，大小合适面料质感：很舒服
5,2023-05-22 11:13:39,😍发货很快，两三天就到了，这个颜色我很喜欢，性价比很高，非常nice
5,2023-04-06 21:47:35,质量非常好，性价便宜，值得，购买
5,2023-03-19 14:18:42,趁着活动入手划算，发货快，包装得好，非常不错，全新体验，赞赞赞！
5,2023-03-18 21:29:42,非常不错，之后会再回购的
5,2023-05-12 18:04:11,我给一个大大的赞，快递员送货服务好，在线客服，回复及时，售后服务更是超赞，在这里选购安全方便快捷，宝贝设计非常棒。客服细心回答问题，值送货快 服务好，售后不错，值得购买，非常满意的一次购物，希望卖家生意越来越兴隆。
5,2023-03-08 20:27:56,卖家也很风趣。下次还来～，总体来说这个价位买值喜欢的亲不要犹豫赶紧买吧，物流非常快好喜欢，下次还来
5,2023-06-21 11:53:09,很满意的一次购物，物流速度也比较快，跟卖家描述的完全一致，非常满意，完全超出期望。性价比高，非常适合办公室办公所需。已多次在此家购买办公用品。包装非常仔细，严实，快递员的服务态度非常好，下次如果有需要，还会继续购买。
5,2023-06-10 12:21:47,质量非常好，与卖家描述的完全一致，非常满意，真 的很喜欢，完全超出期望值，发货速度非常快，包 装非常仔细、严实，物流公司服务态度很好，运送 速度很快，很满意的一次购质量很好，希望更多的 朋友信赖．店主态度特好，我会再次光顾的，可不 可以再便宜点，我带朋友来你家
5,2023-05-15 10:29:25,是正品，和实体店一样，价格还优惠，果断转粉质量非常好，客服态度非常非常赞，有问题及时给解决了
5,2023-05-31 12:26:31,这家店还好吧，来买过几次了，服务老客户非常周到，以后还常来。
5,2023-05-07 15:53:29,这个穿着太舒服了  跟丝绸一样   我好喜欢
5,2023-08-18 12:09:01,绝对是最开心的一次购物，店家服务态度很好，售后也是绝对是最开心的一次购物，店家服务态度很好，售后也是物流速度真的是没话说，就是一个字：快。商品从外包装来看非常高档，真是一分钱一分货，贵有贵的道理价格很实惠，性价比很高，算是平价好物，会回购的
5,2023-03-17 12:02:23,虽然中间发了一点小插曲，发货速度也很快天就到货了，以后有需要一定还来你店下次还会继续，这样的货品
5,2023-02-13 17:53:36,下次在来买，发货速度也很快天就到货了，以后有需要一定还来你店值得买，性价比高值得购买太可以了，实惠
5,2023-08-21 23:59:47,一直都是用的这个牌子，多次购买了，挺好的，实用性和颜值都非常的赞，我很喜欢，还会再来买的
5,2023-03-17 12:02:08,啊。值得拥有下次还回来的，行物所值快递也很快店家很好。。帮朋友买的、物美价廉可以，送货速度快
5,2023-03-17 12:12:05,物所值，价格合理实惠值得推荐喜欢就赶快下手吧，买了很多东西都很可以的卖家我会常来的便宜，价格实惠
5,2023-06-27 18:39:32,物流很快，包装很好，衣服好看，摸起来舒服
5,2023-07-10 18:04:33,短袖收到了，质量很好，穿着很舒服，很喜欢。
5,2023-03-13 12:02:03,原本以为这么便宜的东西，客服服务态度耐心热情喜欢的朋友赶快下手哦，很好卖家很讲诚信下次还买赞，可以
5,2023-04-08 21:48:55,很满意的一次购物，商家服务好，发货神速，物流也很给力，宝贝收到后非常喜欢，买得放心，用得安心
5,2023-03-08 20:44:45,跟店家描述的一样，速度很快很快很快谢谢了有机会再合作物所值，这个价格这样也就实惠了性价比高，收到了
5,2023-02-20 20:28:52,这个衣服很不错可以买
5,2023-08-28 21:12:48,价格很实惠，孩子很喜欢，衣服材质挺好是棉的。
1,2023-06-17 21:59:08,不咋好，商家还发错码了
5,2023-05-23 08:48:01,手感不错，质量很好！基本没有问题！可以入手，外观设计漂亮，尺寸大小合适，包装完整，物流快。
5,2023-05-03 18:05:24,掌柜的服务态度真好，发货很快。商品质量也相当不错， 宝贝不错，跟描述一模一样，喜欢的可以放心购买。
5,2023-04-23 22:15:50,总之，物流很快很有信誉的卖家第一时间就发货，发货快有生之年能碰到老板这个店，符合预期
5,2023-07-18 19:39:21,商品收到咯，特别喜欢，一收到就迫不及待地打开了，家人也很满意，这次购物体验不错搞活动买的，外观和描述一致，美观实用，材质手感都不错，好评！搞活动买的，外观和描述一致，美观实用，材质手感都不错，好评！
5,2023-06-16 18:36:09,(๑&bull;̀ㅂ&bull;́)و✧价格超优惠，性能也非常棒，完美的一次购物
5,2023-02-12 18:25:14,发货速度挺快的赞一个，性价比很高整体感觉不错与商家描述一致肯定错不了，喜欢很实惠，收到了
5,2023-03-14 15:29:57,还行质量挺好的速度也快，东西很可以很喜欢，卖家服务态度很好很喜欢服务很算行的，发货很快
5,2023-08-30 13:17:16,一如既往的好品质，非常喜欢的一款产品，非常棒！o(*￣︶￣*)o价格很实惠，性价比很高，算是平价好物，会回购的
5,2023-08-14 17:46:11,品质一级棒，包装也不错，物流很快，而且价格合理，很实惠，很喜欢
5,2023-09-05 12:11:04,衣服很好，摸着就很舒服，布料很不错，款式也好看，非常值得购买
5,2023-03-17 12:40:50,可以买来送人很高大上质量很好很行，很喜欢的一次购物分必须好评挺行的哦物流也可以，真的是买到才是赚到
5,2023-05-23 17:30:23,嘎嘎好，都可以性价比相对是比较高的，而且非常的nice ，质量非常好，跟图片上的一样，满意，这个价格很实惠啊！质量一点都不含糊。
5,2023-08-05 11:59:01,感觉实物比图片更好看，价格和质量成正比，这次购物非常满意，喜欢的宝宝赶紧下手
5,2023-02-12 18:17:42,物流也很快商家态度也是一级棒很喜欢必须好评，比预想的还好呢。价格也公道实惠，喜欢可以评赞，非常可以
5,2023-03-17 12:44:14,真是谢谢亲爱的店家了有这么好的东西，很可以。很喜欢质量也好，这个价位算是物有所值。，很喜欢
5,2022-08-05 11:29:01,东西还是一如既往的可以，很喜欢服务很算行的，发货很快是我很喜欢的一次购物，给个赞
5,2023-03-14 15:20:12,尤其值得一赞的是客服的服务态度，完全出期望值很可以很喜欢，没想到能买到这么好的货赞，真的很划算
5,2023-03-13 11:53:51,大大的赞，觉得自己眼光还是实惠的第一次碰到这样的良心卖家，买得挺喜欢的而且很不错哦，价格也不高
5,2023-10-02 13:16:19,材质好，棉的，很舒服，价格实惠。
5,2022-07-11 10:12:49,很可以。可以东西值得大家拥有，下次有需要还上你家买以后还来，很好性价比很高，所以又买了
5,2023-03-13 11:38:14,不错。我很近买东西很喜欢的一次了，朋友们：这家店的货值。喜欢就赶快下手吧，快递也非常的可以
5,2023-03-12 21:18:17,所以有又光顾叻，希望能改进一下就好了喜欢的，实惠哦质量很好卖家很有耐心，值得购买物美价廉
5,2023-03-17 12:53:38,价格还便宜，下次还来客服态度很可以很喜欢，该店十分诚信友好我很喜欢，值得购买
5,2023-05-17 10:20:50,发货超级快，到货超级快，包装很精致，真的是开启了新世界的大门&hellip;&hellip;
5,2023-10-05 18:10:59,服务很好，衣服质量也很好，而且又好看，挺喜欢的
5,2023-02-16 21:27:20,不可以意思啊评价晚了，是我想要的那种谢谢很开心的一次购物赞，希望能改进一下就好了给个赞，性比价高
5,2023-10-01 10:50:21,东西很喜欢，质量也很好的，这个价格能买到是真的很划算
5,2023-05-12 11:02:21,物流很快，物品完好无损，用起来很舒服，喜欢💕
5,2022-07-11 12:20:50,物所值，物流很快。不错的选购以后还一定会光顾贵店的，谢谢了赞，大大的赞哦
5,2023-06-28 19:34:29,很精致，质量非常好，很满意的一次购物。谢谢店家！
5,2023-06-18 17:14:13,价格非常的美丽，东西还是不错的，会继续回购！全五分！奈斯奈斯～
5,2023-06-22 22:02:21,衣服摸起来整体手感不错，配送的速度也很快
5,2023-02-12 18:14:43,谢谢喽。我的同事们都很喜欢呢。下次再来哦，下次有需要一定再来哟送个真诚的可以评，质量一如既往的可以
5,2023-02-13 17:52:18,质量很行，是我喜欢的、喜欢的朋友可以下单哦发货很快。商品也相当不错，喜欢的朋友赶快下手哦赞，可以
5,2023-03-17 12:27:57,客服很热心推荐。很喜欢的一次购物，还行质量挺好的速度也快这是一次很愉快的购物，好好好好好好好好好好
5,2023-07-15 19:03:17,很满意👍，做工很好，物流快，客服很棒，点赞
5,2022-07-21 10:37:37,实惠哦，很不错宝贝很可以，赞一个这个价格值很喜欢的一次购物分，真心行。赞赞赞
5,2022-06-25 15:40:27,总体来说这个价位买值，宝贝很棒宝贝收到了，赞大小合适很喜欢下次还会光顾，性价比高
5,2023-07-01 20:26:39,非常好，和商家描述的一样，穿起来非常舒服
5,2023-02-16 21:19:12,以后会多多光顾的，喜欢的亲们赶快下手吧喜欢的朋友可以下单了，包装很严实绝对支持，很好
5,2023-07-18 22:59:29,挺好的，和想象中一样，随意搭都很好看，满意！
5,2023-03-08 21:26:52,性价比很高、同事看了很喜欢，很可以很近买的东西都很喜欢，真的很好赞，希望能改进一下就好了
5,2023-03-17 12:15:10,便宜，喜欢的亲们可以下手了哦实惠很喜欢的一次购物，该店十分诚信友好挺开心的一次购物，很好。
5,2023-08-11 15:01:10,凑单买的，没想到质量跟专卖店一样，特别特别喜欢，而且价格优惠
5,2022-06-23 14:05:15,宝贝收到啦，真心觉得好非常可以，东西很可以就是物流有点慢但是也还能接受赞，赞赞赞
5,2023-05-21 08:26:56,已经收到啦，很不错，还有赠品，性价比太高啦，爱了爱了
5,2023-08-25 13:11:10,价格实惠，质量杠杠的，非常好的一次购物，下次还来
5,2023-06-30 20:33:56,东西很喜欢，质量也很好的，这个价格能买到是真的很划算
5,2023-07-28 21:44:31,是理想中的产品，质量不错，物流也很快，值得点赞
5,2022-07-29 19:52:02,到货就迫不及待打开了，果真没有让我失望，质量特别好，颜值也相当高
5,2023-03-08 21:01:30,赞，很耐心的店主到货也很及时赞，非常可以宝贝收到了，赞
5,2023-06-11 09:36:58,物超所值，话不多说，这四个字已经说明了一切
5,2023-08-08 19:46:45,衣服尺码很合适，且衣服的质量也很好
5,2023-07-13 07:23:53,收到衣服啦很合身穿起来也很舒服
5,2023-04-16 10:17:45,我觉得穿着很棒啊 完全没有劣质感觉
5,2023-06-18 15:40:49,样式好看，商价态度好，性价比超高
5,2023-05-03 22:36:33,实用性和颜值都非常的赞，我很喜欢，还会再来买的
5,2023-09-18 18:16:03,面料舒服，尺码标准，很好
5,2023-04-16 12:56:37,非常好的衣服，质量好，穿着也很合适
5,2023-06-11 11:45:16,纯棉材质，穿起来很舒服。
5,2023-09-28 13:31:52,面料很舒服，款式更好看
5,2023-07-12 11:04:11,衣服质量很好，纯棉的，物流很快。
5,2023-04-23 18:59:12,料子摸起来很柔软穿起来很舒服
5,2023-06-04 13:32:42,穿起来很舒服 做工精细
5,2023-05-22 16:17:39,衣服很合适，面料也挺好
5,2023-05-17 08:26:21,非常棒的衣服，儿子很喜欢，下次还会买的！
5,2023-06-04 13:32:23,质量很好 快递很快 面料舒适
5,2023-07-16 19:46:23,很合身 非常满意 信我没错😍😉
5,2023-08-03 09:16:52,很适合，穿起来很舒服
5,2023-07-11 17:14:17,好用，孩子很爱吃，建议多买点
5,2023-06-24 17:50:40,很可爱，很漂亮，很喜欢。
5,2022-06-16 00:54:28,赞赞赞，已收藏贵店并向朋友推荐质量也好，质量很好卖家很有耐心，真的很划算
5,2023-03-17 12:27:25,物流真快帮朋友买的朋友很喜欢价廉物美，希望送货速度有待提高谢谢宝贝真的很行，的一次购物。
5,2023-10-07 19:18:53,衣服质量很好       到的速度很快
5,2023-04-18 15:33:57,衣服不错，很舒服。下次还来
5,2023-06-20 18:07:18,衣服还可以，物超所值了
5,2023-08-22 12:21:57,卖家的服务态度真好，发货很快。商品质量也相当不错。太喜欢了，谢谢。
5,2023-08-02 10:28:49,东西已经收到！手感不错！用料扎实！质量很好！平常用基本没有问题！当时买的时候还在犹豫价格，买来之后一点都不后悔，而且物流还快，可以入手外观设计漂亮，尺寸大小合适，包装仔细完整，宝贝手感不错，感觉很好，发货速度快，服务态度一流，给力！5星好评！
5,2023-03-13 11:46:02,好好好喜欢的购物下次再来，而且价格便宜质量很好的实惠很喜欢的一次购物，该店十分诚信友好
5,2023-08-07 19:40:26,物流很快，很满意，不错的选择
5,2023-06-09 20:07:37,很满意，T恤质量不错，物流飞快
5,2023-05-19 19:27:01,总体来说还是非常的好，辛苦。
5,2023-05-31 01:26:37,可以  穿在身上很舒服
5,2023-08-20 20:44:39,非常好，质量非常好 ，发货快
5,2023-05-05 15:11:02,质量好，客服服务态度非常好
5,2023-03-25 20:54:32,大家都来买，这家是真的很好。
5,2023-03-15 21:44:25,很凉快，穿着挺舒服的!
5,2023-04-10 14:54:54,衣服质量很好发货也很快
5,2023-09-18 18:16:03,面料舒服，尺码标准，很好
5,2023-07-03 12:27:29,实用性和颜值都非常的赞，我很喜欢，还会再来买的
5,2023-08-31 22:23:28,百褶裙显瘦。立领尽显气质。面料柔软。穿着很舒服。做工很精致，价格还不贵，买到就是赚
5,2023-08-17 15:34:13,我的身高体重：164，115斤尺码大小：喜欢宽松感觉，拍的大了一点面料类型：棉面料质感：质感不错，对得起价位透气性：也不错试穿效果：一家人出游，买了4件当团服，挺不错
5,2023-09-20 20:39:33,尺码大小：尺码大小挺合身的，根据商家的尺码表买的，没有差错，面料类型：面料跟描述的是一致的面料质感：质感还可以，穿上整体感觉还不错透气性：透气不闷热
5,2023-05-02 13:14:27,真的很好，但是买的时候要买大号的，比如我平常穿2xl，这个衣服就要4xl哦，整体性价比挺高的
5,2023-07-13 17:47:18,穿起来挺好看的，质量也蛮不错的，不怎么起球，主要是颜色种类多啊，喜欢的可以拍，对了，洗的话建议用洗衣液，我不知道是不是用了洗衣粉的原因，然后水里可能会有一点颜色。
5,2023-07-24 23:46:29,收到货了，包装完好，衣服样子不错，和照片一样，面料是棉的，手感不错，穿起来也舒服，大小正合适，质量还不错，做工精细，好评。
4,2023-06-19 08:34:36,尺寸很合适，面料也比较舒服。唯一缺点就是胸前图案不透气，容易汗湿、黏在身上
5,2023-04-20 18:50:51,买衣服一定要买大码点的，不然会变成紧身衣。比如我穿XL很合身，但还是有点勒而且不怎么好看，所以我买了2XL的。这件衣服穿着也挺好看的，值得推荐。
5,2023-10-03 16:34:58,挺不错的，面料挺舒服，柔软，纯棉的
5,2023-06-23 20:52:58,衣服刚好合适穿着也舒服面料合适，洗起来也不费劲，就是印花太大了。
3,2023-01-07 14:47:40,买的了版型，买不了质量！
5,2023-03-22 19:29:30,柔软，舒服，质量不错，再买一件
5,2023-03-26 18:11:39,第二次购买，不错，柔软，舒适
5,2023-09-19 16:55:06,搞活动买的，外观和描述一致，美观实用，材质手感都不错，好评！
5,2023-03-17 19:01:41,摸着，质量可以，衣服也合身，下次再来
5,2023-07-24 23:50:00,收到货了，包装完好，衣服样子不错，和照片一样，面料是棉的，手感不错，穿起来也舒服，大小正合适，质量还不错，做工精细，洗了也没有缩水不起球，好评。
5,2023-07-09 22:35:08,店家态度很好  就是白色这件有点瑕疵 店家二话不说可以申请换  问题不大 可以放心买
5,2023-06-07 14:39:04,穿起来还不错吧，有照片😁
5,2023-06-12 17:20:07,不错，是我喜欢的类型。黑色的也不掉毛挺好的
5,2024-01-25 01:24:27,还不错，衣服质量还可以，价格也便宜，就是领口比较窄，有点勒脖子
5,2023-04-22 09:00:28,穿着舒适，美观大方，颜色有一些些深，一点点色差
5,2023-08-12 17:20:28,图案很喜欢，质量还行，洗后图案没脱落。
5,2023-09-20 18:21:31,衣服不错，面料质感：挺舒服的透气性：挺舒服的
5,2023-03-16 16:03:47,衣服宽松舒适 ，图案设计新颖
5,2024-04-07 19:20:29,色彩标准，大小尺寸合适。贴图可爱有活力！
5,2023-03-12 21:41:39,宝贝实惠，希望越做越越好。物流快赞为客户着想。继续购物，不好意思货早收到没有极时平价可以，下次还来
5,2022-06-18 12:09:18,必须好评，这个价格这样也就实惠了。确认晚了，已收藏贵店并向朋友推荐宝贝收到了，行
5,2023-04-16 19:17:55,透气性：好试穿效果：好面料质感：舒服
5,2023-04-23 23:22:59,商品送的很快的一直没有评，非常行的商品。质量好买到就是我赚到了这次，还行。就是速度有点慢
5,2023-06-22 23:53:13,我喜欢蓝色，所以买了这件衣服，穿起来也挺舒服。
5,2023-08-24 17:31:20,个人选了白色小熊图案！大小合身物流速度快！对卡通T恤比较满意！
5,2023-04-04 12:48:19,衣服质量挺好，穿起来跟舒服
5,2023-03-06 20:29:05,摸起来挺舒服的，质量也还行
5,2023-06-05 17:20:18,尺码大小：好面料类型：好面料质感：好
5,2023-09-23 22:06:06,大小合适，样式也不错，就是掉色严重
5,2023-08-03 12:45:02,描述的衣服一致，可以放心购买，面料柔软舒适
5,2023-03-17 12:22:18,还行质量挺好的速度也快，也可以值得买，性价比高值得购买总体喜欢。卖家服务很可以，花那么少的钱
5,2023-02-12 18:19:14,对得起这个价格值得必须好评，大大的赞宝贝和卖家描述的一样卖家态度可以，价格实惠特别可以，性价比高
5,2023-02-16 21:59:53,卖家服务态度很可以，之前看评论还有些犹豫幸可以买了值得谢谢老板了哦，有生之年能碰到老板这个店
5,2023-06-28 09:51:07,看起来可以，面料也还行。对得起这个价格
5,2023-03-17 12:42:32,不可以意思啊评价晚了，挺好的朋友推荐的挺实惠的喜欢的宝贝赶快拍下吧希望送货速度有待提高谢谢，值得买
5,2023-03-11 18:52:03,东西总体行发货挺快给个赞吧，和图片一么一样比我在另一家买的可以多了，和我在外面买的差不多赞，赞赞赞
5,2023-07-08 09:46:18,建议买大一号的比较好，上身比较舒服
5,2023-03-12 21:29:50,真是难得问的东西有点多她都一点点细心地给我解答，喜欢的亲不要犹豫了掌柜的服务态度真可以，实惠
5,2023-03-14 15:39:42,实惠，本来是抱着试试看的心里买的和我在外面买的差不多，便宜实惠质量也行性价比还是蛮高还会再来光顾的
5,2023-07-22 01:19:20,当时买的时候还在犹豫价格，买来之后一点都不后悔，而且物流还快，可以入手
5,2023-10-03 18:16:53,不错的，布料不错，穿起来也感觉蛮好
5,2023-03-17 12:32:22,比预想的还好呢。价格也公道，质量行的哦肯定错不了，喜欢卖家十分贴心，发货和物流倒是挺快的
5,2023-03-10 17:41:17,质量不错，客服挺好，下次再来
5,2023-06-05 19:07:08,还行，比较卡通，摸鱼体恤。呵呵
5,2023-03-13 12:09:51,祝生意兴隆，她家宝贝和其他品牌相比宝贝收到真行跟宝贝图片没差多少，喜欢的朋友们可以下单了
5,2023-06-22 11:43:55,好看时尚，棉质较好，价格较为实惠
5,2023-08-17 07:39:43,不透气，不过还可以，价格也不贵
5,2023-06-28 23:49:58,衣服好看，宽松版，舒服一些
4,2023-06-19 16:59:55,材料摸起来人很舒服，尺码偏大
5,2023-05-30 22:22:46,感觉还不错，面料可以 穿着舒服
5,2022-07-03 21:05:23,好好好，已经买了2件了，还会继续关注的，质量是相当可以。大家可以放心的购买。
5,2023-08-14 07:49:18,挺好的 很喜欢 不过感觉m码有点小了
4,2024-04-02 17:40:27,纯棉的，穿起来比较舒服。
5,2023-05-10 05:55:59,衣服大小合适，布料柔软舒适
5,2023-04-28 21:02:36,还行 看起来质量还可以 商家继续加油
5,2023-06-05 17:19:56,尺码大小：好面料类型：好面料质感：好
5,2024-03-03 11:08:46,不错好看又好穿，价格还便宜
5,2023-07-29 23:44:36,衣服挺舒服的就是牌子挂脖子
5,2023-04-23 18:02:36,一直都在这家店买衣服可以信赖的一家店铺
5,2023-09-14 13:51:24,是棉的，这个价位能买到，不错
5,2024-04-02 18:00:06,颜色有一点不同其余很好
4,2023-07-17 11:10:06,儿子喜欢，颜色好看，质量也不错
5,2023-07-22 11:40:10,还可以，不错，推荐一下
5,2023-05-06 21:54:44,衣服质量比想象中的还要好，下次还会再来
5,2023-06-07 15:27:46,衣服摸起质量还可以。挺柔软的。
5,2023-04-26 10:22:10,照片没有时间，但是真的很好看
5,2023-07-29 23:16:29,做工不错，图案有创意
5,2023-07-24 12:12:59,还可以，看着没有色差
5,2023-06-28 17:09:51,衣服质量可以的，纯棉材质的。
5,2023-06-25 09:06:56,还可以，质地比较好。
5,2023-07-01 18:10:56,"商家服务态度好,品质好质量有保障"
5,2023-05-20 03:09:29,衣服质量不错，尺码有点大。
5,2023-09-17 19:06:46,衣服挺好的，尺码也合适。
5,2023-08-17 10:10:38,还不错，老板见了直夸我好员工
5,2023-08-17 17:50:55,质量还不错，衣服码偏小
5,2023-07-06 17:03:42,个人感觉颜色蛮好看的
5,2023-09-25 22:49:33,这个价位真的不错，挺值的
5,2023-06-21 16:16:06,质量还不错，没有色差哟
5,2023-08-02 18:04:28,质量好 款型好 物流快
5,2024-04-05 13:21:09,不错，还挺好看的..
5,2023-05-06 13:52:15,好用 好用   好用  好用
5,2023-09-26 10:47:10,质量不错，物流也不错。
5,2023-04-18 04:46:08,挺好的，面料也可以✌
5,2023-04-15 17:46:23,不错 一分钱一分货。
5,2023-07-22 11:40:40,还可以，不错。推荐一下
5,2023-03-14 15:10:26,真是难得问的东西有点多她都一点点细心地给我解答，总体来说还可以快递员小哥服务态度挺好喜欢赞，可以
5,2023-11-15 01:38:10,比实际的衣服收到有点小。勉强可以穿，应该是新衣服太紧的缘故。整体看着还可以。
5,2023-08-24 20:29:26,老铁们，买了之后有可能会有不一样的收获哦😲
4,2023-07-27 21:48:02,只能说东西整体可以，但是深灰并没有图片那么深。你们可以理解为浅灰色。
5,2023-04-14 13:23:08,货收到了懒得在换了好家伙xl码120--140可以改一下了140--180xxl比较合适
4,2024-03-30 10:54:22,手感还不错，就是有点大了，2X比我其他的3X还要大一点😂
5,2023-08-06 11:54:50,尺码是对的，也还可以，洗完之后第一次穿有点痒
4,2023-04-23 21:43:27,5个x的跟正常3、4个的差不多，质量还可以，就是码不正
5,2023-07-22 17:54:57,虽然衣服挺喜欢，但是摸鱼的鱼韵母上是没有两点的
5,2023-05-21 13:46:29,面料类型：纯棉的呢，可以哦😌
5,2024-02-22 22:38:10,上班摸鱼必备技能。哈哈😃
5,2023-08-28 18:05:52,尺码差不多，刚刚好。
5,2023-06-03 07:18:53,还行，就是穿出去上班就emmmm
5,2023-11-10 13:07:53,质量适中，也就那样吧
5,2023-06-18 19:58:54,质量好，就是有点粘毛
2,2023-06-08 10:45:55,衣服图案洗一次就掉了😭
1,2023-03-23 00:31:50,这衣服不行！这个熊没搞好！容易烂
1,2023-08-20 10:19:48,有异物，不知道是油还是什么
1,2023-06-17 10:51:37,穿了一天就破了 这质量没谁了
1,2023-05-09 14:21:23,买来洗一次图案就掉了一些了
1,2023-07-11 21:29:31,我买了四件，付了四件的钱就给我发三件？
3,2023-08-14 20:21:51,不是纯棉的面料质感：差
1,2023-04-05 22:22:28,同等码数怎么大那么多呢
1,2023-08-08 12:38:11,尺码偏小，换货还得12运费，自己掂量吧
1,2023-08-31 12:48:52,尺码不合适 退货换货都要 17 运费😁
2,2023-09-17 19:40:18,领口一洗就变形，一点也不好穿
1,2023-05-26 14:36:03,线条多就算了还破了个洞
1,2023-06-19 21:25:55,买的是深灰色发的白色。还有黑点
1,2023-07-28 17:01:31,料子不好，穿着特别不舒服
3,2023-07-04 10:35:49,一般一般，没有想象中的好，很薄
1,2023-04-28 13:47:19,脱了一次水还没穿上面的印花就要掉了
1,2023-07-26 09:07:25,一件衣服30多块钱   小了我想退掉运费16块钱呵呵
1,2023-07-11 21:30:54,买了四件发三件？？？
1,2023-07-11 21:30:39,买了四件发三件？？？
1,2023-03-05 10:39:49,放洗衣机一洗就成这样了，都还没穿过呢，这质量&hellip;&hellip;
1,2023-09-22 18:20:53,一分钱一分货。极品差
1,2023-07-16 15:57:49,我买了一件黑色一件蓝色给我发了一件蓝色一件白色
1,2023-08-26 14:36:44,衣服质量一般般，穿着不怎么舒服，材质也不行。
3,2023-07-12 19:03:10,款式不是很好看，一般
3,2023-07-13 02:00:34,买的3xl给我发的4xl的 本来三个都是往大了买的 这下好了 跟裙子似的
2,2023-08-29 08:32:45,啊掉色我衣服啊！(ᇂ_ᇂ|||)
2,2023-08-14 12:06:59,线头突兀，做工不咋滴
1,2023-07-20 11:58:57,衣服居然还掉毛，穿了半天，全身是毛
1,2023-07-20 21:48:48,才穿了两天 就掉色  变色  客服 装瞎看不到
3,2023-05-03 12:33:00,面料类型：说不出这料是啥，只能说45这衣服不值，和二十多的衣服差不多
1,2023-05-25 16:00:38,商家服务态度不咋地，放在驿站好几天没有收到取件信息找客服问，就回了一句放在驿站自己去拿，而且没有运费险
1,2023-08-18 23:36:55,料子差就算了，我都自付运费退回了，半个月了，商家踢皮球不给退款
1,2023-06-25 10:14:11,因为填的不是自己手机号码  未收到货  我打电话过去跟快递员说手机号错了帮忙查件也没给我查
1,2023-03-25 21:22:04,选了XL码的，穿着大了，申请售后退回去了，换回来还是给我寄了件XL 的
3,2023-08-12 17:20:28,图案很喜欢，不过这件白色的质量不咋地，洗完一次图案就开始剥落了。
1,2023-07-25 10:33:29,买的5XL实际发的4XL
1,2023-07-20 13:10:09,袖口刚穿上线头都能拉20厘米长 两个袖口都是 做工差的没影子
1,2023-09-22 23:20:32,昨天刚刚到衣服的，就用洗衣机洗了一次，就有衣服的线头掉了，形成一个洞，质量差
1,2023-10-02 16:36:14,衣服有破洞，退回换货之后又给我发错地址，现在就是没消息的状态，加上退货运费一共52块，还衣服都不见了，给我整乐了
2,2023-05-31 19:01:59,这叫粉色，这叫粉色，(๑&bull;̌.&bull;̑๑)ˀ̣ˀ̣啊？和图完全不一样好吧，哪里粉了，你自己看看和图一样不，咱不说一模一样，颜色得差不多吧
4,2023-08-28 21:15:59,给四星是因为这个黑色衣服掉色，厂家那边不知道有没有固过色，衣服布料还可以图案也不容易洗掉，就是建议商家在做衣服前跟纺织那边说一下固一下色
5,2023-12-02 10:56:41,还行吧，衣服我泡了几次图标也没掉，就是有一点点沾毛，基本符合这个价格标准
5,2023-08-26 21:24:37,可以，不过感觉要洗过，穿上去有点不舒服，能接受。
5,2023-07-29 17:58:20,毕竟也没多少钱 有点瑕疵很正常 只要自己不尴尬 穿出去尴尬的就是别人 基本上感觉是没得挑 各位不要踩雷才是 附上9张阳光下的特写
2,2023-09-07 03:53:26,后背有破损，客服也不搭理
5,2023-06-05 00:00:49,有点脏，也许不是商家问题，是厂家那里的问题吧。洗洗看希望不要掉色，洗前评价，真掉色认倒霉，希望图案也不要一洗就坏。就这些，日常好评一下吧
5,2023-06-01 23:12:48,给个中评吧，面料还行，主要是衣服比较偏硬也摸上去感觉比较厚。夏天穿短袖轻薄透气很重要啊，望改进些吧。不过不考虑用料的话，价格方面还是可以下单的
5,2024-03-25 17:53:58,刚拿到手试了一下，已经是商品可选的最大码了 刚刚好合穿 但我喜欢宽松一点所以对我来说还是小了点本来想申请售后退货了 想了想不如就把这件衣服定为今年的减肥目标😂
4,2024-03-31 18:37:56,纯棉的又不是都有点透，也还好吧，感觉自己买长了点，退回去又怕短了，就这样吧
5,2023-09-19 17:28:08,尺码和实际不一样  加大码穿起来就跟大码一样，尺寸不一致
5,2024-02-25 01:10:51,原先以为买小了，结果刚好合适，就是两侧袖子长了点(   ˊ ᵕ ˋ 💦)
5,2023-07-30 22:28:40,我超，洗个衣服差点把我的白衬衫染成蓝衬衫了😆（掉色有点严重）
5,2023-08-10 22:00:20,狗屎衣服掉颜色 大家千万别买  别的衣服放一起洗一次就不能穿了
5,2023-07-30 20:09:28,太差了，不是棉的，还不便宜。
5,2023-08-16 16:56:59,打电话给我的时候，说以亲属代收，但是问一圈下来没人收，什么意思嘛？就这吊物流。
4,2023-06-06 16:19:44,跟照片跟实物还是有一点差距，质量还好。
5,2023-09-29 15:23:24,便宜没好货，衣服面料不行，穿上之后背部燥痒难耐
5,2023-07-20 12:08:53,发货发错了，想换一个码，但是好几天都没有结果。
5,2023-08-27 23:19:10,太薄了不蓬松也不舒服到了感觉就是拼多多九块九的那种退货还得15运费面料质感：真的很差
5,2023-05-24 20:30:55,衣服大小合身，主要是这衣服设计的太有个性了
5,2023-09-15 16:59:19,布料不好，衣服味道刺鼻，摸到容易痒
5,2023-07-01 12:29:12,不是很宽松，穿着还舒服，后悔买纯棉的了
5,2023-08-11 08:31:40,质量不好，洗了4次就开始掉皮子了，哎
5,2023-04-19 13:45:08,布料不行，版型也不行，不值这个价
5,2023-10-06 06:18:50,咋说呢，我买蓝色的，给我发的这算不算蓝色
5,2024-03-10 22:28:08,我现在才发现，你们发错尺码了，我买的是XL，你们给我发的是L😂
5,2023-08-27 09:32:00,对得起这个价格，不是说了吗？一分钱钱一分货。
5,2023-05-16 04:31:49,为啥会这么慢，京东上买的不是第二天就可以到货吗
5,2023-08-21 21:33:23,你们不要买   谁买谁吃亏  去找客服，客服还不管
5,2023-11-05 17:42:03,没啥好评的，几十块钱，花的不亏反正。
5,2023-09-26 09:56:46,差差差，掉色，还丑，皱褶
5,2023-09-26 18:48:00,面料质量太差，穿在身上显得掉档次
4,2023-08-13 21:39:06,都行，就是衣服料子差了点
5,2023-04-16 09:39:07,质量不行，才穿几天袖子那里就烂了
4,2023-12-02 23:23:07,就感觉那个图多洗几次就掉了
5,2023-08-22 09:36:08,第一次买东西没有收到快递😟好长时间了
5,2023-05-27 18:45:59,可以买小一号的，有点大
5,2023-07-22 15:13:41,还好吧  摸着没那么差
5,2023-07-14 23:58:48,拿出来就这样，多少有点失望
5,2023-04-27 00:00:06,衣服不怎么好，正常洗，都起球了
5,2023-08-17 21:37:40,好的就是好，差的就是差，没啥好说的
5,2023-07-18 19:31:25,搜7分袖搜到的，结果是短袖
5,2023-02-17 19:58:38,有点难搞，刚买回来洗了一下就脱胶了
5,2023-05-12 23:06:28,商家服务态度很差，至今未收到货物
5,2023-08-14 13:50:01,垃圾，洗完直接成变色龙
5,2023-03-20 17:42:36,衣服买大了，已申请退货
5,2024-01-17 14:18:24,那个图片都是皱的，糟心
5,2023-07-05 08:13:27,衣服有点大🤦&zwj;♂️
1,2023-07-07 11:42:45,领都没领到就只能评价了真的垃圾
1,2023-07-17 17:14:25,真差，质量，尺码严重不正
1,2023-09-12 18:20:13,洗一次就缩水，质量太差了
1,2023-08-10 22:00:55,狗屎衣服掉色  大家千万别买
3,2023-09-07 11:52:29,买回来洗了一下掉色很严重
1,2023-09-12 18:19:55,洗一次就缩水严重，啥玩意呀
1,2023-06-13 11:25:56,前面的图穿两天就要掉，质量真差
1,2024-04-05 20:54:29,尺码偏小，换货还要费用，差评
1,2023-09-21 19:36:09,掉色，有异味，无语了垃圾建议别买
1,2023-05-31 23:46:15,真的很无语 我没有收到货跟我说货已经签收
1,2023-08-24 19:41:08,质量不行  领口太小 换一家买     不值得
1,2023-06-11 16:25:06,把衣服翻过来，里面不仅脏，还有很多线头
2,2023-08-31 12:20:55,面料很不舒服，号码也偏大，一般
1,2023-08-25 21:33:28,垃圾，直接扔了，衣服内外全是球，穿着痒死了
1,2023-08-10 10:07:54,次太次了，送了6天真是太慢了，东西也太垃圾了，客服态度也不咋地，次的要命
3,2023-07-17 12:48:39,夏天的短袖👕为什么这么厚？？？穿上热死人啦！！
1,2023-07-21 18:42:15,说实话这是我在京东最垃圾的东西我买了没发货还不给退发货了他说退不了买到了想退他们没有运险费这破店快店关了算了
1,2023-08-05 12:34:32,我点退货你还发给我，我只能给你差评了，商品可以没得说，希望以后别人点退货了你别选择无视
1,2023-07-07 12:06:50,很差，服务态度最差的，衣服质量差，没法穿，和描述的不符合，退货还不包邮
1,2024-04-07 01:32:57,没有吊牌，没有弹性，还小，穿的太紧身了。差评
1,2023-09-06 18:46:27,这好评刷的  不带这么坑的吧  衣服穿上都辣皮肤 我从来不给评论的 你能让我给出差评，你真的做的非常好
1,2023-06-03 20:10:42,什么垃圾东西，买的XXL的跟我发一个SL商家真是个大聪明，退货还得自己付运费，商家真是个思亩仔
1,2023-04-29 07:33:50,发的衣服洗了掉色，穿着像小学生，不会做衣服就不要做垃圾衣服。
2,2023-08-05 10:55:54,很薄，拿在手里能透光，地摊货吧。再也不相信地摊价能买到好东西的谣言了
1,2023-07-23 18:38:55,店铺粗心大意，买的尺寸与所收到衣服的尺寸不符，与店铺进行沟通，来回就只有一句话申请退货退款，店铺犯的错从不提一句！！！！！垃圾店铺
1,2024-03-09 00:02:30,太小了，我在其它地方买的同尺码都没这么小，买的5x，但估计只有3x，我还专门往大了买的
2,2023-04-29 09:57:59,收到衣服一股刺鼻的味道，同价位的衣服我买了3家，就你一家有刺鼻的味道而且还是很刺鼻，
1,2023-09-16 22:31:47,衣服材质很差，拿出来时候一股酸味，气味很大，好评都是刷的，建议你们别入坑
1,2023-09-06 18:03:49,买来就发现掉线很多，真棒。摸起来感觉黏糊糊的，也没有牌子，我都怀疑您家是不是二手货了捏
1,2024-04-06 16:38:02,质感非常难受还没穿呢就起球真的垃圾而且事物和图片不符 图片看着深蓝很好看 发来的是浅蓝服了
2,2023-06-30 01:01:03,很厚很厚，一点不薄，夏天高温穿着不得中暑了！还有丢丢褪色，买了很后悔！
3,2023-07-30 18:59:13,尺码大小：太小了，xl的都小成这样，xl我穿着正好宽松，他家的紧绷绷的，个人建议可以买大一个号
1,2024-04-07 15:15:34,尺码一点都不标准，而且衣服质量很烂，七天无理由退货还要自己承担运费，京东客服更是没有一点处理事情的态度，三个客服，三个不同的话术，反正就是最后哄骗你自己垫付运费，然后再告诉你处理不了。
1,2023-07-20 12:25:21,衣服收到了，尺码偏大很多，想要合身的可以按自己平常穿的尺码买小一到两个码，真的太大了没法穿只能退货，然后发现没有运险费，本来想着自己出了已经要退了，结果快递员说运费要十六，卖家也&ldquo;义正言辞&rdquo;，哈哈，只能说自己认栽了，就这样
1,2023-08-22 21:13:44,透气性极差，甚至衣服里面线头都没有剪，穿一天衣服直接起球，那只熊就更不用说了，一洗直接变样，总结：垃圾
1,2022-10-04 15:22:37,兄弟们来看看吧，这衣服质量好到裂开（物理），本人9.15下单的衣服，到现在4号，穿了三次，直接破个洞，不得不说质量非常棒，替你们踩雷了，48买个穿一个月都不到就裂开的衣服没必要
5,2023-09-16 12:31:28,非常喜欢这件衣服，质量非常好，穿着也很舒适。2. 这件衣服真的很漂亮，设计非常时尚，穿上去很有气质。3. 这件衣服的版型非常合身，尤其是在肩膀和袖子的设计上非常贴合人体工学。
5,2023-09-12 11:49:46,"外观颜值:非常好看，是我想要的款式材质手感:手感好容量空间：大做工细节:精细适用场合。是理想中的产品质量不错,物流也很快，值得点赞!"
5,2022-10-12 09:39:22,看图案买的，但是摸起来有一种颗粒感，好像是起球的那种感觉，已经洗了一水了但是还没穿，起球倒是没起，就是感觉怪怪的
5,2023-11-01 20:50:03,好吃不贵氨基酸洗面奶 不要一百八也不要八十八 九块九给你包邮回家 😃  洗完不油腻 感觉挺舒适的 后面看情况购买
5,2023-03-26 23:20:40,衣服收到了，质量很好，做工精细衣服质量很好，穿上很舒服尺码大小：正常面料类型：舒服
5,2023-07-10 08:27:46,衣服穿起来很好看 图案可以的 挺喜欢  穿着也舒服 物流速度非常快 值得买
5,2023-08-07 18:56:49,态度差，凭什么别的店都可以更改地址，就你不可以，嫌麻烦说一下不行吗，那么多人想改地址买错了，你是不是都要说改不了，我怀疑你还没有帮别人改过地址吧，改改这个懒散的习惯吧，既然做了这一行，就要把服务进行到底，没有嘲讽你的意思，只是你态度不好，我不开心
5,2022-07-28 10:55:16,买了很多东西都很可以的卖家我会常来的，以后还来听她说质量还行，没想到包装这么细心。实惠很好，很漂亮
5,2023-07-09 23:59:29,"PLUS会员返是一个好评摸板。因为我是很懒的不想每个产品都写好评所以特地写下这个模板,以前不知道评论可以涨积分,现在才知道好评的重要性,妥妥的每条都来评论下,赚积分,下次还能抵现金用。评论80个字以上,可以得到50个积分,我无论买什么东西都会把这个段话复制粘贴下凑够字数。这是第N次在网上买东两了,棒捧棒,东两便宜而且质量好,物美价廉买的放心,用的开心,感觉都买上瘾了,买买买,根本停不下来,东西品种多而且又特别全,划算方便,而且实惠,包装很好,而且没有任何损坏,会一直支持下去的,服务还可以一超级好用,好评,下次再来"
5,2023-07-19 11:05:10,物流很快，👍产品很快就收到了，比想象中还好，不错不错！希望能耐用
5,2022-09-02 17:32:05,"拿到手用了一段时间，重量真的很轻，质量不错,与卖家店铺描述的基本一致, 没什么问题，性价比也挺高的，在同等的价位里是很划算的，而且卖家发货速 度也快,包装的非常仔细、严实,物流公司运送速度也挺快的,可以说挺满意的一次购物体验吧,"
5,2023-10-05 15:46:42,几以前几乎从未认真评价过，也不知道浪费了多少分。我听说评价中有100多个单词，基本上是每周访问一次。在京东购物太方便了，根本停不下来。从那时起，购买日用品时首先想到的就是京东，它是真正的。起初我很担心。现在我习惯了，这真的很好。现在我必须给更多的~。我下次会再来。我一直在购物。它仍然是一个非常好的宝贝。真的很好。这是值得的。网上买一次也没用。它还没有安装。我一次买了两个。大品牌值得信赖。
5,2024-04-05 10:41:55,面料柔软舒适透气，适合春夏季。~出男性简约风格
5,2023-07-23 09:19:27,好可以穿又便宜
5,2023-08-24 15:55:37,衣服买回来都是毛球。拆开没吊牌。我给客服说。客服不直接回应起毛球。就一直说有吊牌。
5,2023-08-27 09:00:20,真的超级喜欢，质量非常好，与卖家描述的一致！物美价廉，物流给力，值得回购💌收到立马打开看了一下，非常不错，质量超好，颜值又高😘，推荐推荐🉑
5,2023-08-28 04:45:49,🌈质量很好，买的很合我心意💕，棒棒哒！✨需要的亲们可以放心购买物流很快，物品完好无损，用起来很舒服，喜欢💕
5,2022-06-30 23:06:14,准备再买一件，质量和我想象中一样性价比高哦很喜欢以后还会继续光顾的，可以可以可以尽在不言中
5,2024-04-02 20:07:20,感觉颜色偏差，感觉有点像作训服的棕绿色
5,2022-06-23 13:56:25,希望能改进一下就好了，第二次购买性价比高哦很喜欢以后还会继续光顾的，第一次这么喜欢很可以，也可以
5,2023-07-21 05:58:59,衣服收到了质量非常好，满意满意有需要的放心购买
5,2022-06-25 15:26:39,好。质量也很好。喜欢，送货速度比较快不过是第一次下手。应该说还实惠。第二次来买了，下次再来买
5,2023-08-17 15:04:09,性价比相对是比较高的，而且非常的nice ，质量非常好，跟图片上的一样，满意，这个价格很实惠啊！质量一点都不含糊。。，。
5,2023-06-19 19:28:35,第二次购买了 质量是一如既往的好 客服态度好 物流也快 会继续光顾的
5,2022-07-05 19:15:34,非常好，东西很可以就是物流有点慢但是也还能接受帮朋友买的、物美价廉可以，送货速度快赞，的一次购物
5,2022-06-28 22:34:20,跟外面实体店的一样，可以喜欢。我会继续关注你们的店铺的了给你满分评价，这个价格值很喜欢的一次购物分
5,2022-07-19 14:58:04,严实物流公司服务态度很可以，宝贝和图片差不多。支持肯定错不了，性价比很高、同事看了很喜欢值，点赞
5,2022-07-03 14:26:49,总体来说这个价位买值，很是第一回碰到这么用心的卖家朋友介绍的非常行，对宝贝很期待赞，真的很划算
5,2022-08-09 15:04:19,很可以，帮别人买的没有看到实物卖家十分贴心，你店的都很可以。谢谢十分赞，卖家也很风趣。下次还来～
5,2022-07-19 14:45:05,宝贝很可以，很好宝贝和卖家描述的一样卖家态度可以，值得购买。物流也相当可以特别可以，赞商家
5,2024-03-05 10:32:19,好产品、好品质、好服务，宝贝确实值这个价钱，在这给商家点个赞👍
5,2022-08-02 10:18:11,有需要还会来店里买的，希望接下来新品不要让我失望好好好喜欢的购物下次再来，买物有所值，绝对物所值
5,2022-08-10 14:17:42,可以，物流很快的确收到一件很好很喜欢的宝贝，朋友说在这里买过我看着还行的样子就也买来试试了
5,2022-07-05 19:18:00,挺好的朋友推荐的挺实惠的喜欢的宝贝赶快拍下吧，卖家人级可以很耐心的店主到货也很及时，大大的赞哦
5,2022-07-07 14:54:19,赞，这不同事看见了马上都买了货已收到给个可以评，卖家的服务也是十分值得称赞的我很喜欢，质量行的哦
5,2022-08-08 10:30:27,好。质量也很好。喜欢，哈哈哈卖家人特别可以还行质量挺好的速度也快，掌柜服务态度也非常的可以
5,2022-08-12 09:40:05,物流真快帮朋友买的朋友很喜欢价廉物美，以后还一定会光顾贵店的非常值，全给可以很好，很喜欢
5,2022-07-13 14:11:06,喜欢，快递包装的也很仔细历史以来网购很可以的一次，这个价格买到真的想不到很实惠，收到了
5,2022-07-03 14:35:49,有生之年能碰到老板这个店，速度很快很快很快谢谢了有机会再合作物流也飞快，很可以值得推荐
5,2022-07-24 10:56:24,比预想的还可以呢。价格也公道，有生之年能碰到老板这个店非常可以，真是很值得哦什么都很可以质量也好，
5,2022-07-13 13:08:12,很行的卖家，掌柜的服务态度真可以客服态度很可以很喜欢，物所值服务态度是很好的以后还来，很好
5,2022-06-30 20:52:06,本以为这个价钱应该不会太好，挺可以的客服很热心推荐。很喜欢的一次购物，我用我的亲身经历告诉大家
5,2022-07-31 10:09:59,喜欢喜欢必须好评必须好评必须好评真的不错哦，下次还来买别的也很好，谢谢您周到的服务。祝生意兴隆
5,2023-03-24 16:49:06,尺码合适，面料舒服，透气性好
5,2022-08-07 11:07:04,原本以为这么便宜的东西，很喜欢完全出期望值。卖家发货速度非常快，还行这次网购非常棒，可以
5,2022-07-03 14:58:23,特别好还便宜，实惠的一次购物客服态度很可以很喜欢，该店十分诚信友好挺开心的一次购物，很好。
5,2023-05-06 12:44:21,这衣服质量真的很不错，很便宜，性价比很高，比~那里的烂东西好多了
5,2022-07-07 10:50:15,第一次碰到这样的良心卖家，不过是第一次下手。应该说还实惠。第二次来买了性价比很高，给五颗星赞，可以
5,2023-07-31 15:16:25,宝贝已经收到很不错很喜欢
5,2023-09-04 21:11:29,挺好的，和想象中一样，随意搭都很好看，满意！
5,2024-01-24 18:47:05,我可以直说，这样的快递员，这个世界找不到第2个
5,2022-07-01 21:29:37,实惠帮朋友买的很适合又便宜，宝贝很可以宝贝收到真行跟宝贝图片没差多少，这家店还可以吧。来买过几次了
5,2022-07-03 14:47:27,卖家的服务也是十分值得称赞的，很愉快的一次购物。全分必须好评买到一个很可以的宝贝，质量行
5,2022-06-24 20:23:20,好好好喜欢的购物下次再来，而且价格便宜质量很好的还会来的，质量很好的宝贝很可以，赞一个
5,2022-08-07 10:39:24,价格实惠，这不邻居看到后也叫我帮忙买～太可以了喜欢的亲亲赶紧下手吧，很喜欢的一次购物分可以评
5,2022-06-24 20:45:43,收到宝贝的时候很惊喜，快递也快。下次还会光临宝贝真的很行，帮同事买的好好好喜欢的购物下次再来，买
5,2022-07-11 14:39:39,感谢老板，喜欢的朋友可以下单了这不邻居看到后也叫我帮忙买～太可以了，和我在外面买的差不多
5,2022-07-05 19:01:39,喜欢的就不要犹豫了哦，宝贝很可以很喜欢客服也很可以喜欢的快下单吧还有我不是托。特别可以，赞商家
5,2023-07-29 10:53:25,很好 手感不错
5,2023-02-27 17:49:12,发货速度快，质量挺好的，和卖家描述的一样，非常满意
5,2023-09-22 12:06:22,真的挺好的
3,2023-08-22 06:14:17,衣服材料感觉不太舒服
5,2023-03-25 20:58:58,这衣服挺不错的（bushi）😉😊😄😃😌😍😏
4,2023-09-18 17:44:36,整体还是不错
5,2023-05-01 12:22:52,衣服不错推荐购买，质量蛮好的，可以充
5,2023-06-23 15:08:52,衣服全棉的，穿着很舒服
5,2023-07-13 20:35:44,真#，我都没收到货。系统自己确认收货了
5,2022-06-16 00:47:02,卖家服务很可以物流也可以，宝贝实惠跟卖家描述的一样值得购买赞还行，很实惠很好，喜欢的妹子赶紧下手吧
5,2023-08-21 19:50:55,很不错值得购买  质量都很好 放心购买
5,2023-05-25 15:16:13,衣服挺好的，摸鱼佬必备
5,2023-03-13 10:59:31,宝贝非常好，质量不错哦
5,2023-07-30 20:06:24,太差了，不是棉的
5,2023-03-18 17:57:41,非常满意，很好。
5,2023-03-30 20:05:31,实物和描述的一样
5,2023-08-02 07:42:24,衣服不错  宽松穿的舒服
5,2023-06-18 15:17:57,服务态度差，衣服质量不好
5,2023-07-27 15:40:26,非常nice
5,2023-07-22 14:27:59,很好
5,2023-03-14 15:49:27,喜欢的就不要犹豫了哦，宝贝很可以很喜欢客服也很可以喜欢的快下单吧还有我不是托。赞，非常可以
5,2023-06-18 10:30:59,宝贝收到了很喜欢还会回购的卖家态度也很喜欢还会回购的卖家态度也很喜欢
5,2023-03-17 12:19:00,比我在另一家买的可以多了，很好值质量很好的。，质量行比图片上看到的可以多了，总之一百个赞
5,2023-09-12 08:18:50,好玩好吃小孩很喜欢非常好超级好看还有吗？
5,2023-12-16 22:26:50,买衣服认准这家就行了质量是真的可以
5,2023-06-28 13:11:50,非常愉快的一次购物体验，质量还是很不错的。
5,2023-06-25 20:35:12,非常满意的一次购物  喜欢的朋友抓紧购买吧
5,2022-06-30 17:13:33,的一次购物，很不错喜欢的亲不要犹豫了，认准这家。很是喜欢。，赞赞赞
5,2023-08-01 20:23:15,好好好很好看下次继续来你们店里买裤子
5,2023-08-03 12:54:19,实物和网上看到的差不多，还是可以的
5,2023-08-20 16:21:53,很好的衣服无味质量不错，值得购买
4,2023-08-30 18:31:06,非常不错，非常好，特别不错，特别好
5,2024-03-16 19:42:19,收货地址与手机上的不符
5,2023-04-16 12:03:38,太好看了吧唧吧唧吧唧吧唧吧唧吧唧
5,2023-06-19 04:09:12,好评好评，质量非常好，值得购买
5,2023-08-21 02:21:08,我很懒不想评论，评论拿豆的
5,2023-08-27 09:40:31,丁总是的，我们的歌谣祭祀
5,2024-03-22 00:42:47,外观好看，布料柔软
5,2024-02-27 17:46:06,质量很好，尺码标准
5,2023-06-24 02:20:13,可以可以可以可以的可以
5,2023-08-25 08:15:08,我觉得衣服质量挺好的
5,2023-07-30 00:13:41,东西特别好质量也可以
5,2024-03-20 21:29:43,面料质感：很舒服
5,2023-07-10 11:07:53,质量超出预期，推荐购买
5,2023-11-04 04:11:06,垃圾，发过来有个洞
5,2024-03-30 15:04:19,穿起来很舒服
5,2023-10-04 20:45:08,质量感觉不是很好
5,2024-03-23 18:44:32,还不错，看起来
5,2024-03-21 18:28:58,穿一天掉色了
5,2024-03-15 11:51:37,不错 料子可以
5,2023-09-03 01:01:09,纯棉材质触感不错
5,2023-08-29 22:43:21,衣服收到还算满意
5,2023-06-01 22:54:11,还不错穿着也很舒服
5,2023-08-22 16:38:00,穿起来感觉很不错
5,2023-05-23 21:35:13,挺好挺好挺好非常好👍
5,2023-08-11 18:17:33,很棒，没想到这么好
5,2023-05-17 18:31:58,衣服不错，儿子很喜欢。
5,2023-07-17 11:44:41,一切都好，就是掉色
5,2023-12-26 09:30:22,质量相当可以
5,2024-03-22 16:36:46,颜色不明显
5,2024-03-20 16:48:10,没收到衣服
5,2023-06-24 04:51:13,穿出了摸鱼的感觉
5,2024-03-16 23:47:20,汗臭味刺鼻
5,2023-12-09 19:27:13,好看，非常的好，
5,2023-06-04 18:13:55,面料质感：不能沾水
5,2023-05-31 21:44:15,不错不错 非常喜欢
5,2023-05-28 14:33:37,可以，服务态度很好
5,2023-05-26 13:23:10,一般一般，天下第三
5,2023-05-22 16:05:30,面料类型：面料舒适
5,2023-05-21 14:08:44,货到了不送货上门，
4,2023-08-13 21:40:52,就是料子差了点
5,2023-11-10 16:38:48,尺码大小：合适
5,2023-08-11 18:20:10,大小合适 纯棉的
5,2023-05-13 16:25:41,穿着舒服，大小合适
5,2023-08-03 14:37:36,质量很好纯棉的
5,2023-10-17 17:01:38,穿起来很舒服
5,2023-07-07 17:35:52,挺好看，也挺合身
5,2023-09-23 15:27:51,不错，挺喜欢的
5,2024-04-01 22:05:27,挺好看的
5,2023-03-23 14:51:41,质量可以，非常好的。
5,2023-09-13 23:05:03,穿着挺舒服的
5,2023-06-14 19:05:32,非常好，下次还买
5,2024-03-19 16:54:12,挺不错的
5,2024-03-18 14:00:21,质量不错
5,2024-03-18 14:00:10,质量不错
5,2023-09-03 10:22:45,有线头很明显
5,2023-08-29 23:16:26,尺码比较准确
5,2023-08-28 15:52:08,穿着舒服透气
5,2023-05-19 10:47:11,纯棉的，码数标准
5,2023-08-05 17:52:35,穿起来太热了
5,2023-07-15 20:49:41,好穿非常舒适
5,2024-01-16 12:22:23,衣服很棒
5,2023-07-03 21:56:33,服务态度不好
5,2023-06-22 13:40:58,很不错很好看
5,2024-04-06 11:54:11,还可以
5,2024-04-03 18:59:56,非常好
5,2023-09-14 13:50:50,纯棉的不错
5,2023-09-11 22:38:20,感觉还不错
5,2024-03-24 14:07:26,还可以
5,2023-06-02 17:10:04,不错不错，喜欢😍
2,2023-08-29 12:06:48,穿一次洗一次就该扔了
5,2023-08-17 11:45:35,#。买大了
5,2023-05-14 22:44:17,很休闲，小熊很Q
5,2023-05-14 22:44:32,很休闲，小熊很Q
5,2023-05-12 19:00:21,图片稍后补上
5,2023-05-05 20:54:45,穿起来很舒服
5,2023-10-25 19:16:09,我没意见，。。。。。。
5,2023-07-08 13:50:05,非常可以的。。。。。
5,2023-10-01 19:16:50,挺好挺好
5,2023-06-24 21:05:30,感觉很不错
5,2023-09-18 16:05:50,布料不错
5,2024-04-07 10:02:41,不戳
5,2023-09-08 21:13:51,非常合身
5,2023-09-05 12:25:59,感觉很好
4,2023-05-27 11:21:15,还是可以的
5,2023-08-28 21:06:56,一般，还行
5,2023-08-24 20:17:46,买大了艸
5,2023-05-18 12:46:37,就是有点点。。。
4,2023-02-08 07:21:08,只能说一般吧
5,2023-08-12 18:13:23,木有问题
5,2023-08-10 15:14:37,物美价廉
5,2023-08-07 21:49:24,挺好的啊！
5,2023-08-07 01:47:55,非常阔以
5,2023-08-06 18:17:01,质量很好
5,2023-11-09 20:10:02,还可以
5,2023-10-27 20:19:15,很合身，
5,2023-10-16 07:17:31,还可以
5,2023-07-06 17:35:12,非常不错
5,2023-07-06 15:59:19,一般般吧
5,2023-10-10 18:40:57,非常好
5,2023-10-10 18:41:20,非常好
5,2023-10-09 08:59:40,挺好的
4,2022-09-17 18:04:52,都挺好就是掉毛
5,2022-12-10 18:54:37,面料类型：很好
5,2023-06-12 18:41:28,都还不错。
5,2023-09-20 15:34:33,还可以
5,2023-05-31 12:08:33,衣服很好
5,2023-09-03 15:54:17,还不错
4,2023-05-24 11:59:42,还不知道
5,2023-08-30 20:09:36,好好好
5,2024-04-02 19:10:14,好
5,2024-03-31 16:12:19,好
5,2023-08-27 18:16:56,很好看
5,2023-05-15 08:43:39,衣服可以
5,2023-05-11 10:14:39,质量很好
5,2023-05-03 13:04:26,很好，帅气
5,2023-08-11 15:02:54,一般般
5,2023-08-03 20:18:35,蛮好的
5,2023-08-03 20:18:46,蛮好的
5,2023-07-29 14:11:53,有点厚
5,2023-11-09 09:15:36,可以
5,2023-07-22 10:49:21,有点大
5,2023-04-11 18:21:41,衣服还行。
5,2023-07-16 09:43:46,非常好
5,2023-07-15 17:14:18,嘎嘎好
5,2023-07-14 02:38:48,很好看
5,2023-07-05 00:48:36,蛮不错
5,2023-07-02 18:36:11,还可以
5,2023-03-21 12:07:42,质量不行
5,2023-06-19 11:36:48,还不错
5,2023-06-04 06:43:50,还可以
5,2023-09-18 15:49:10,很好
5,2023-02-21 02:09:21,衣服好看
5,2023-06-01 10:51:11,非常棒
5,2023-05-29 15:46:13,泰裤辣
5,2023-05-28 23:30:21,还不错
5,2023-05-23 12:05:19,还不错
5,2023-09-01 20:58:35,正品
5,2023-08-26 18:31:49,掉线
5,2023-08-23 00:35:12,可以
5,2023-05-04 16:04:14,非常好
5,2023-05-03 10:21:21,还可以
5,2023-12-02 18:10:18,款
5,2023-08-11 17:57:59,不错
5,2023-04-24 15:23:48,非常好。。。。
5,2023-08-08 16:42:09,完美
5,2023-04-17 18:01:51,非常好
5,2023-08-01 15:12:34,不错
5,2023-04-15 22:47:09,挺好的
5,2023-04-15 00:23:01,棒棒哒
5,2023-07-30 21:15:04,还行
4,2023-07-25 16:28:21,不错
5,2023-11-03 07:13:10,好！
5,2023-03-28 15:49:31,挺好的
5,2023-07-11 17:06:25,很好
5,2023-07-04 17:25:44,好评
5,2023-07-04 07:31:35,合适
5,2023-07-01 19:39:27,好评
5,2023-06-26 11:12:06,还行
5,2023-10-12 12:32:35,好
5,2023-06-21 16:06:47,好看
5,2023-06-18 18:39:12,很好
5,2023-06-16 11:44:55,不错
5,2023-10-03 18:05:40,无
5,2023-06-11 16:22:37,不错
5,2023-09-22 10:17:23,好
5,2023-06-01 23:52:41,挺好
5,2023-05-21 12:23:17,很棒
5,2023-09-07 11:36:41,还OK
5,2023-05-19 18:42:39,还行
4,2023-05-18 20:43:56,还行
5,2023-05-11 11:15:20,还行
1,2023-08-31 23:32:46,发错了，我要的是五个加，不是两个加
5,2023-05-09 00:08:13,丫霸
5,2023-08-27 15:13:35,好
5,2023-08-26 20:28:46,好
5,2023-04-28 11:11:28,很好
5,2023-04-17 22:17:21,还行
5,2023-04-16 20:40:33,不错
5,2023-07-19 10:13:46,好
5,2023-07-10 23:05:09,好
5,2023-07-04 14:47:26,好
5,2023-07-01 13:45:36,赞👍
5,2023-06-07 17:36:30,嗯
5,2023-05-24 12:41:34,好
5,2023-04-14 14:09:37,好
5,2023-04-04 21:36:20,好
4,2022-11-29 21:50:45,还行
5,2022-07-17 08:44:13,还不错，
4,2022-07-28 21:04:55,好
1,2023-06-04 20:24:02,都冲了十多次了还是这样
1,2023-08-21 00:00:15,灰的给我发成白的，真的不错
1,2023-10-06 16:33:55,此用户未及时填写评价内容
1,2023-09-12 10:52:12,衣服质量很差，和介绍的不一样
1,2023-06-06 13:37:25,放在离家很远的~就是差评没商量
1,2023-09-07 20:46:08,一点都不满意，服了，本来还想回购，现在算了
1,2023-10-08 11:42:40,此用户未及时填写评价内容
1,2023-07-20 07:16:13,起毛毛给~的一样贵了一半价格
2,2023-04-10 10:40:00,图片与颜色不符合
1,2023-09-26 10:00:19,商家承诺无理由退货。然后运费自己承担！你衣服**就五十块钱不到运费就要快1/3，这不是把消费者当傻子嘛？心眼让你商家长完了？
1,2023-05-03 10:20:58,衣服都能发错 服气
3,2023-06-16 12:19:46,这个价位记得还行
2,2023-09-03 01:28:10,就是感觉不好看
3,2023-09-23 22:06:59,除了掉色其他都不错
1,2023-09-28 14:08:18,你说这是纯棉的？
1,2023-10-02 05:14:36,垃圾垃圾，什么破东西。。
2,2023-10-04 18:52:28,不太好。质量一般
1,2023-10-22 11:48:22,好评全是刷的吧
1,2023-09-02 09:01:30,衣服质量真差劲，不如~还便宜几块钱的
1,2023-12-16 18:42:50,您没有填写评价内容
1,2023-07-11 17:44:16,#，不合适退换货不包邮，什么鬼！垃圾商家
1,2023-08-08 18:31:39,仅此一次。态度很牛
1,2023-05-09 15:16:34,本来不想给差评，客服一句就是脏了一点，真的是蚌埠不住了，避雷吧
1,2023-08-27 23:18:41,发过来的货，后背的跟发霉的一样！建议不要买，退换还要自己出快递费
1,2023-09-04 09:43:01,退换不给运费险就算了，衣服还有色差！家人们避雷避雷！！
1,2023-08-26 09:17:36,买了一件2xl大小，买回来居然比我之前买的xl的衣服还小
1,2023-08-31 12:19:12,态度恶劣，质量垃圾，线头留在外面还#哄哄的
1,2023-09-15 23:38:38,大家自己看吧，新买的衣服，洗一遍洗衣机印花就掉没了，很差!
1,2023-03-26 07:46:55,别人穿过的
1,2023-04-01 13:33:17,包装都烂掉了
2,2023-04-12 19:07:34,面料一般
3,2023-04-20 15:26:38,一般
3,2023-05-04 06:20:13,棉的，质量一般
1,2023-05-23 10:21:04,报看
3,2023-06-23 16:31:30,掉色啊
1,2023-06-25 10:24:51,退货不退款
1,2023-07-11 21:31:34,买四件发三件？？？
1,2023-08-09 20:28:30,质量不行，掉色
1,2023-08-13 22:33:56,真垃圾
2,2023-08-13 12:14:06,刚穿就起球
1,2023-08-20 17:21:06,两个字，lj
1,2023-08-22 15:49:58,一点都不好
1,2023-08-27 17:52:13,尺码不对
2,2023-08-28 13:01:40,码数不对
1,2023-09-02 15:44:15,不好
2,2023-09-04 10:12:50,衣服异味太重
1,2024-04-04 15:21:18,非常差
2,2024-04-04 13:37:56,太小了穿不了
1,2023-09-07 15:42:56,这家店铺的售后 以及客服态度是真的让人无语 我昨天刚刚晚上申请的售后 今天说没物流信息就给我关上
1,2023-07-06 10:39:29,面料类型：差面料质感：极差都不如~9.9的衣服，客服态度更差，总之就是差
1,2023-07-06 10:38:36,面料类型：贼差，客服态度贼差，虽然说几十块钱的东西，但是不如~9.9的衣服，面料质感：差
1,2023-09-08 22:07:51,客服说一俩天能，结果发货时间都超过24小时，而且客服态度非常恶劣，不理睬我提出的问题。迟迟不发货后我申请退款，不处理，再过了几个小时后才发货，然后不同意退款。真的是#啊🤢，建议大家避雷，这衣服我不要也罢，不去领你的，买你家东西还受气。
1,2023-07-18 14:13:48,首先衣服物料并不是很好，质量并不高，设计的图案非常新颖，但是第一次就坏了，商家客服也是敷衍，啥也不认，极力不推荐，质量差，客服差
1,2023-08-04 00:10:55,买的衣服洗了两次成两种样子，褪色。袖子一个样，身子一个样。无语了。~，京东，~，选择了个京东，买的衣服太让人失望了吧。
2,2023-07-04 17:51:17,我不多说 自己看 快递里面衣服都是对折的面料类型：薄面料质感：勉强试穿效果：差透气性：肯定很好
